UTC Time;Discharge;Temperature;Radiation;Pressure;Humidity
01/01/2009 0:00;0,122;0,8;0;991;79
01/01/2009 1:00;0,117;0,6;0;990,9;81
01/01/2009 2:00;0,117;0,9;0;990,8;76
01/01/2009 3:00;0,112;0,7;2;990,6;71
01/01/2009 4:00;0,106;0,7;9;990,4;68
01/01/2009 5:00;0,098;0,5;18;990,3;69
01/01/2009 6:00;0,094;0,4;25;990,2;69
01/01/2009 7:00;0,086;0,4;38;990,1;69
01/01/2009 8:00;0,083;0,3;50;990,1;70
01/01/2009 9:00;0,079;0,4;62;990,3;64
01/01/2009 10:00;0,076;0,4;95;990,5;67
01/01/2009 11:00;0,079;0,6;95;990,6;67
01/01/2009 12:00;0,079;0,7;75;990,7;68
01/01/2009 13:00;0,079;1;90;990,8;68
01/01/2009 14:00;0,083;1,1;72;991,3;71
01/01/2009 15:00;0,079;1,5;81;991,5;66
01/01/2009 16:00;0,076;1,9;52;991,8;72
01/01/2009 17:00;0,076;1,8;37;992;72
01/01/2009 18:00;0,076;1,8;57;992,6;71
01/01/2009 19:00;0,076;2,1;34;993;73
01/01/2009 20:00;0,076;1,8;19;993,3;76
01/01/2009 21:00;0,076;1,5;2;993,6;79
01/01/2009 22:00;0,076;1;0;993,8;87
01/01/2009 23:00;0,076;1,3;0;994,3;84
02/01/2009 0:00;0,076;1,2;0;994,7;81
02/01/2009 1:00;0,076;0,7;0;995,4;73
02/01/2009 2:00;0,076;1,2;0;995,7;79
02/01/2009 3:00;0,072;0,7;6;996;83
02/01/2009 4:00;0,069;0,9;19;996,1;84
02/01/2009 5:00;0,069;1;45;996;84
02/01/2009 6:00;0,066;1;100;996,4;86
02/01/2009 7:00;0,064;0,9;92;996,8;86
02/01/2009 8:00;0,066;0,9;107;997,1;85
02/01/2009 9:00;0,064;1,1;119;997,1;82
02/01/2009 10:00;0,064;1,2;133;997,2;85
02/01/2009 11:00;0,064;1,7;123;997,2;87
02/01/2009 12:00;0,064;1,8;152;997;72
02/01/2009 13:00;0,061;1,8;241;997;82
02/01/2009 14:00;0,064;2,4;240;997,1;79
02/01/2009 15:00;0,064;2,1;154;997,5;82
02/01/2009 16:00;0,066;2,1;86;997,7;82
02/01/2009 17:00;0,072;2;63;997,5;80
02/01/2009 18:00;0,079;2,3;38;997,5;76
02/01/2009 19:00;0,086;2,7;17;997,4;73
02/01/2009 20:00;0,098;1,7;2;997,3;77
02/01/2009 21:00;0,112;1,9;0;996,9;73
02/01/2009 22:00;0,127;1,5;0;996,6;74
02/01/2009 23:00;0,132;1,4;0;996,5;76
03/01/2009 0:00;0,132;1;0;996,1;79
03/01/2009 1:00;0,132;0,9;0;995,6;81
03/01/2009 2:00;0,127;0,9;1;994,8;84
03/01/2009 3:00;0,122;1,4;9;993,8;83
03/01/2009 4:00;0,117;1,5;13;992,8;84
03/01/2009 5:00;0,112;1,2;29;992,1;89
03/01/2009 6:00;0,112;1,7;31;990,8;90
03/01/2009 7:00;0,102;1,9;24;990,3;91
03/01/2009 8:00;0,106;1,8;36;990,1;93
03/01/2009 9:00;0,106;1,8;97;989,8;93
03/01/2009 10:00;0,102;2;131;989,5;95
03/01/2009 11:00;0,102;1,3;173;990,3;96
03/01/2009 12:00;0,102;1,5;258;990,4;97
03/01/2009 13:00;0,106;2,1;274;990,4;97
03/01/2009 14:00;0,117;2,4;181;990,4;94
03/01/2009 15:00;0,117;3;75;990,7;95
03/01/2009 16:00;0,127;3,1;38;990,7;91
03/01/2009 17:00;0,138;3,6;27;990,3;88
03/01/2009 18:00;0,163;3,8;14;990,3;88
03/01/2009 19:00;0,195;3,3;9;990,2;89
03/01/2009 20:00;0,241;3,4;3;989,4;91
03/01/2009 21:00;0,254;2,7;0;989,1;96
03/01/2009 22:00;0,265;2,6;0;988,4;98
03/01/2009 23:00;0,254;2,6;0;987,6;98
04/01/2009 0:00;0,241;2,5;0;986,9;98
04/01/2009 1:00;0,241;3;0;986,1;98
04/01/2009 2:00;0,241;2,6;0;985,6;99
04/01/2009 3:00;0,254;2,6;4;985,2;99
04/01/2009 4:00;0,265;2,4;10;985;99
04/01/2009 5:00;0,265;2,2;21;985,1;100
04/01/2009 6:00;0,288;2,1;38;984,9;100
04/01/2009 7:00;0,276;2,1;67;985,1;100
04/01/2009 8:00;0,276;1,9;72;985,3;99
04/01/2009 9:00;0,254;2;175;985,2;99
04/01/2009 10:00;0,254;2,2;166;984,6;97
04/01/2009 11:00;0,241;2,4;195;984,5;95
04/01/2009 12:00;0,241;2,4;224;984,1;94
04/01/2009 13:00;0,231;3,1;156;983,7;93
04/01/2009 14:00;0,254;3,6;109;983,4;92
04/01/2009 15:00;0,288;3,8;83;982,8;94
04/01/2009 16:00;0,326;4,5;76;982;92
04/01/2009 17:00;0,391;4,3;57;981,7;89
04/01/2009 18:00;0,443;3,4;48;981,6;91
04/01/2009 19:00;0,462;3,5;16;981,4;91
04/01/2009 20:00;0,481;3,7;7;981;92
04/01/2009 21:00;0,481;4,4;1;980,5;90
04/01/2009 22:00;0,443;4,1;0;980;90
04/01/2009 23:00;0,407;4,5;0;979,9;87
05/01/2009 0:00;0,391;3,2;0;979,6;91
05/01/2009 1:00;0,355;3,1;0;979,4;92
05/01/2009 2:00;0,34;3,5;0;979,4;90
05/01/2009 3:00;0,313;2,8;2;979,1;90
05/01/2009 4:00;0,3;2,5;10;979,2;92
05/01/2009 5:00;0,276;3,4;15;978,9;91
05/01/2009 6:00;0,254;3,8;22;978,8;85
05/01/2009 7:00;0,241;3,5;24;978,5;85
05/01/2009 8:00;0,231;3,9;33;978,4;84
05/01/2009 9:00;0,221;3,9;43;978,8;84
05/01/2009 10:00;0,212;3,8;61;979;86
05/01/2009 11:00;0,212;3,8;52;979,1;85
05/01/2009 12:00;0,204;3,4;57;979,2;87
05/01/2009 13:00;0,212;3,9;57;979,1;87
05/01/2009 14:00;0,221;3,8;37;979,3;86
05/01/2009 15:00;0,231;4,4;87;979,4;82
05/01/2009 16:00;0,231;4,4;76;979,7;81
05/01/2009 17:00;0,231;3,1;34;979,9;89
05/01/2009 18:00;0,254;2,9;19;980,2;90
05/01/2009 19:00;0,265;2,3;6;980,3;94
05/01/2009 20:00;0,265;2,8;0;980,4;90
05/01/2009 21:00;0,276;2,3;0;980,9;88
05/01/2009 22:00;0,288;1,6;0;981,1;89
05/01/2009 23:00;0,276;1,5;0;981,6;89
06/01/2009 0:00;0,254;1,4;0;982,1;87
06/01/2009 1:00;0,231;1,1;0;982,6;91
06/01/2009 2:00;0,212;1,1;0;982,9;90
06/01/2009 3:00;0,195;0,9;2;983,2;91
06/01/2009 4:00;0,18;0,9;9;983,6;91
06/01/2009 5:00;0,163;1;16;983,7;89
06/01/2009 6:00;0,156;0,9;32;983,9;90
06/01/2009 7:00;0,144;0,8;67;984,2;90
06/01/2009 8:00;0,144;0,6;81;984,7;94
06/01/2009 9:00;0,132;0,6;125;985,2;94
06/01/2009 10:00;0,127;0,6;192;985,6;94
06/01/2009 11:00;0,122;0,7;217;985,9;90
06/01/2009 12:00;0,117;1,2;227;986,2;89
06/01/2009 13:00;0,117;1,3;153;986,6;90
06/01/2009 14:00;0,117;1,9;107;986,9;86
06/01/2009 15:00;0,127;2,3;90;987,4;83
06/01/2009 16:00;0,138;2,8;100;987,9;82
06/01/2009 17:00;0,163;2,4;73;988,2;81
06/01/2009 18:00;0,195;2,3;45;988,6;80
06/01/2009 19:00;0,231;2;24;989;82
06/01/2009 20:00;0,231;2;7;989,5;83
06/01/2009 21:00;0,231;2;1;989,9;82
06/01/2009 22:00;0,221;2,1;0;990,3;80
06/01/2009 23:00;0,212;1,8;0;990,6;83
07/01/2009 0:00;0,204;1,7;0;990,8;82
07/01/2009 1:00;0,195;1,5;0;991,2;83
07/01/2009 2:00;0,172;1,5;0;991,6;83
07/01/2009 3:00;0,163;1,4;3;991,9;84
07/01/2009 4:00;0,15;1,3;14;992,1;83
07/01/2009 5:00;0,144;1,3;29;992,5;83
07/01/2009 6:00;0,127;1,1;33;992,6;87
07/01/2009 7:00;0,122;1;49;993;87
07/01/2009 8:00;0,117;1,1;76;993,7;87
07/01/2009 9:00;0,112;1,3;134;993,8;85
07/01/2009 10:00;0,106;1,4;246;994,4;85
07/01/2009 11:00;0,102;1,5;210;994,9;86
07/01/2009 12:00;0,098;1,5;194;995,2;86
07/01/2009 13:00;0,098;1,7;243;995,5;85
07/01/2009 14:00;0,098;2,2;194;995,8;84
07/01/2009 15:00;0,106;3;142;996,2;81
07/01/2009 16:00;0,127;2,8;76;996,4;79
07/01/2009 17:00;0,156;2,8;28;996,7;80
07/01/2009 18:00;0,195;3,5;23;997,2;76
07/01/2009 19:00;0,241;3,3;14;997,7;77
07/01/2009 20:00;0,288;2,8;9;998,2;83
07/01/2009 21:00;0,3;2;1;998,6;87
07/01/2009 22:00;0,326;2,3;0;998,8;83
07/01/2009 23:00;0,288;2,1;0;999,2;86
08/01/2009 0:00;0,265;2;0;999,3;87
08/01/2009 1:00;0,231;1,7;0;999,4;89
08/01/2009 2:00;0,204;1,7;0;999,4;89
08/01/2009 3:00;0,18;1,6;2;999,5;89
08/01/2009 4:00;0,172;1,5;12;999,4;89
08/01/2009 5:00;0,156;1,4;18;999,3;91
08/01/2009 6:00;0,15;1,3;27;999,1;89
08/01/2009 7:00;0,138;1,3;28;999,2;90
08/01/2009 8:00;0,127;1,4;53;999;91
08/01/2009 9:00;0,122;1,6;62;998,9;90
08/01/2009 10:00;0,117;1,7;75;998,9;89
08/01/2009 11:00;0,112;1,8;232;998,8;90
08/01/2009 12:00;0,112;1,8;227;998,6;90
08/01/2009 13:00;0,112;2,1;245;998,3;88
08/01/2009 14:00;0,117;2,2;213;997,9;86
08/01/2009 15:00;0,122;2,4;157;997,8;87
08/01/2009 16:00;0,132;3;77;997,5;78
08/01/2009 17:00;0,156;3,8;48;997;73
08/01/2009 18:00;0,18;2,8;24;996,9;79
08/01/2009 19:00;0,221;3,1;15;996,4;77
08/01/2009 20:00;0,265;2,8;5;995,6;80
08/01/2009 21:00;0,288;2,4;1;994,8;81
08/01/2009 22:00;0,288;2,3;0;993,9;80
08/01/2009 23:00;0,276;1;0;993,2;90
09/01/2009 0:00;0,241;1;0;992;93
09/01/2009 1:00;0,231;1,4;0;991,2;93
09/01/2009 2:00;0,212;1,9;0;990,4;92
09/01/2009 3:00;0,204;2,3;4;990,4;93
09/01/2009 4:00;0,204;1,9;10;990,6;94
09/01/2009 5:00;0,204;1,7;29;990,3;95
09/01/2009 6:00;0,204;1,8;52;990,7;92
09/01/2009 7:00;0,195;1,8;134;991,4;90
09/01/2009 8:00;0,187;1,8;214;992;92
09/01/2009 9:00;0,18;1,8;143;992,2;94
09/01/2009 10:00;0,172;2,1;134;992,8;94
09/01/2009 11:00;0,172;2,4;60;993,5;93
09/01/2009 12:00;0,172;3,3;65;993,5;89
09/01/2009 13:00;0,195;3,3;78;994;89
09/01/2009 14:00;0,195;2,9;54;994,4;90
09/01/2009 15:00;0,254;2,7;81;994,6;92
09/01/2009 16:00;0,288;2,3;89;995,1;93
09/01/2009 17:00;0,326;3,1;52;995;93
09/01/2009 18:00;0,313;3,1;16;994,8;92
09/01/2009 19:00;0,326;3,2;11;995,2;92
09/01/2009 20:00;0,326;3,3;6;995,2;90
09/01/2009 21:00;0,326;3,3;1;995;90
09/01/2009 22:00;0,313;3;0;994,8;91
09/01/2009 23:00;0,326;2,6;0;994,4;92
10/01/2009 0:00;0,313;2,5;0;993,6;92
10/01/2009 1:00;0,276;2,4;0;993,1;93
10/01/2009 2:00;0,265;2,5;0;992,6;94
10/01/2009 3:00;0,241;2,2;1;991,8;94
10/01/2009 4:00;0,231;2,1;5;991,2;95
10/01/2009 5:00;0,212;2;19;990,7;100
10/01/2009 6:00;0,204;2;44;990,2;100
10/01/2009 7:00;0,212;2,1;66;989,7;100
10/01/2009 8:00;0,212;2,1;42;989,1;100
10/01/2009 9:00;0,212;2;38;988,5;100
10/01/2009 10:00;0,212;2,2;40;987,9;100
10/01/2009 11:00;0,212;2,4;48;987,7;100
10/01/2009 12:00;0,212;2,3;130;987,6;100
10/01/2009 13:00;0,231;2,3;167;987,2;100
10/01/2009 14:00;0,254;2,6;163;986,3;100
10/01/2009 15:00;0,276;2,6;132;986;100
10/01/2009 16:00;0,3;2,8;112;985,8;100
10/01/2009 17:00;0,3;2,4;124;985,7;100
10/01/2009 18:00;0,326;3,1;43;985,3;96
10/01/2009 19:00;0,326;3,4;19;985,2;93
10/01/2009 20:00;0,355;3,7;5;985,3;90
10/01/2009 21:00;0,355;4;1;985,1;88
10/01/2009 22:00;0,391;3,5;0;985,1;89
10/01/2009 23:00;0,391;2,7;0;985;89
11/01/2009 0:00;0,375;2,5;0;984,9;90
11/01/2009 1:00;0,34;2,3;0;985;91
11/01/2009 2:00;0,3;2,1;0;985,4;91
11/01/2009 3:00;0,276;2;1;985,8;91
11/01/2009 4:00;0,254;1,8;3;986;90
11/01/2009 5:00;0,231;2;26;986,5;87
11/01/2009 6:00;0,204;2;67;986,2;89
11/01/2009 7:00;0,195;2;81;986,8;89
11/01/2009 8:00;0,18;1,7;144;987,5;91
11/01/2009 9:00;0,18;1,8;191;988;90
11/01/2009 10:00;0,172;1,9;252;988,4;87
11/01/2009 11:00;0,163;2;203;988,4;82
11/01/2009 12:00;0,163;2,2;211;988,8;86
11/01/2009 13:00;0,172;2,9;189;988,8;81
11/01/2009 14:00;0,18;2,9;141;988,9;82
11/01/2009 15:00;0,212;3,1;96;990,1;79
11/01/2009 16:00;0,265;3,2;92;991;81
11/01/2009 17:00;0,313;2,9;90;991,4;83
11/01/2009 18:00;0,391;3;57;992,3;83
11/01/2009 19:00;0,462;2,6;38;992,4;83
11/01/2009 20:00;0,443;2,6;14;993,3;84
11/01/2009 21:00;0,391;2,5;2;993,8;84
11/01/2009 22:00;0,355;2,3;0;994,2;83
11/01/2009 23:00;0,313;2;0;994,4;82
12/01/2009 0:00;0,288;1,6;0;994,1;83
12/01/2009 1:00;0,254;1,6;0;994,2;80
12/01/2009 2:00;0,221;1,5;0;994;83
12/01/2009 3:00;0,195;1,4;6;993,8;83
12/01/2009 4:00;0,18;1,2;18;993,8;86
12/01/2009 5:00;0,163;1;54;993,5;89
12/01/2009 6:00;0,144;1;67;993,5;90
12/01/2009 7:00;0,127;0,9;142;993,5;91
12/01/2009 8:00;0,112;1,1;146;993,6;92
12/01/2009 9:00;0,102;1,3;139;993,7;91
12/01/2009 10:00;0,102;1,8;150;994;91
12/01/2009 11:00;0,112;1,4;144;994,1;91
12/01/2009 12:00;0,112;2;114;994,3;86
12/01/2009 13:00;0,127;2,4;125;994,5;84
12/01/2009 14:00;0,144;2,2;109;994,7;86
12/01/2009 15:00;0,163;2,1;47;994,9;91
12/01/2009 16:00;0,204;2,8;47;995,1;92
12/01/2009 17:00;0,254;3,2;28;995,6;91
12/01/2009 18:00;0,288;3,8;22;996,1;89
12/01/2009 19:00;0,326;2,8;10;996,7;93
12/01/2009 20:00;0,355;2,7;2;997;94
12/01/2009 21:00;0,355;2,6;0;997,4;93
12/01/2009 22:00;0,326;2,7;0;997,4;86
12/01/2009 23:00;0,3;2,4;0;997,3;87
13/01/2009 0:00;0,276;2,3;0;997,4;91
13/01/2009 1:00;0,254;2,3;0;996,8;92
13/01/2009 2:00;0,241;2,4;0;996,1;93
13/01/2009 3:00;0,231;2,7;0;995,1;93
13/01/2009 4:00;0,241;2,9;3;994,2;93
13/01/2009 5:00;0,276;3;14;993,6;94
13/01/2009 6:00;0,326;2,9;19;993,1;95
13/01/2009 7:00;0,375;3,1;39;992,5;95
13/01/2009 8:00;0,443;2,9;52;992,6;95
13/01/2009 9:00;0,502;2,8;77;992,6;100
13/01/2009 10:00;0,523;2,9;96;992,9;100
13/01/2009 11:00;0,502;2,7;67;992,8;100
13/01/2009 12:00;0,462;2,9;57;992,6;100
13/01/2009 13:00;0,407;3,2;52;992,2;100
13/01/2009 14:00;0,407;3,5;52;991,9;100
13/01/2009 15:00;0,407;3,6;28;992;100
13/01/2009 16:00;0,443;3,2;27;991,8;100
13/01/2009 17:00;0,425;3,6;26;991,2;100
13/01/2009 18:00;0,425;3,1;14;991,1;100
13/01/2009 19:00;0,462;3,2;5;990,2;100
13/01/2009 20:00;0,443;3;6;989,7;100
13/01/2009 21:00;0,462;3,6;0;988,7;96
13/01/2009 22:00;0,481;3,8;0;987,7;96
13/01/2009 23:00;0,545;3,9;0;986,7;96
14/01/2009 0:00;0,626;3,6;0;985,3;95
14/01/2009 1:00;0,653;3,2;0;984,7;95
14/01/2009 2:00;0,653;3;0;984,1;95
14/01/2009 3:00;0,653;3,6;1;983,8;95
14/01/2009 4:00;0,626;4,4;7;983,1;93
14/01/2009 5:00;0,681;4,2;9;982,9;92
14/01/2009 6:00;0,653;3,5;28;982,3;93
14/01/2009 7:00;0,601;3,3;42;982,1;92
14/01/2009 8:00;0,502;3,3;34;981,8;92
14/01/2009 9:00;0,462;3,5;41;981,6;91
14/01/2009 10:00;0,407;3,6;93;981,6;91
14/01/2009 11:00;0,407;3,9;130;982,2;89
14/01/2009 12:00;0,391;3,6;240;982,1;91
14/01/2009 13:00;0,391;3,4;251;982,9;90
14/01/2009 14:00;0,375;3,9;201;984;87
14/01/2009 15:00;0,375;3,9;190;985,1;87
14/01/2009 16:00;0,407;4,3;162;985,6;84
14/01/2009 17:00;0,443;4,6;128;985,8;84
14/01/2009 18:00;0,545;4,8;86;986,2;83
14/01/2009 19:00;0,653;4,5;34;986,4;84
14/01/2009 20:00;0,74;4,5;12;986,9;84
14/01/2009 21:00;0,653;3,8;2;987;87
14/01/2009 22:00;0,653;3,9;0;987,1;87
14/01/2009 23:00;0,601;2,9;0;986,7;90
15/01/2009 0:00;0,523;2,5;0;986,3;91
15/01/2009 1:00;0,481;2,1;0;986;93
15/01/2009 2:00;0,425;1,8;0;985,6;93
15/01/2009 3:00;0,355;1,9;3;985,6;94
15/01/2009 4:00;0,326;1,6;14;985,3;94
15/01/2009 5:00;0,3;1,2;30;985;95
15/01/2009 6:00;0,276;1,1;72;984,5;100
15/01/2009 7:00;0,265;1,4;90;984,4;100
15/01/2009 8:00;0,254;1,5;133;984;100
15/01/2009 9:00;0,231;1,3;85;983,9;100
15/01/2009 10:00;0,231;1,5;62;983,6;100
15/01/2009 11:00;0,231;1,8;109;983;100
15/01/2009 12:00;0,254;1,8;66;982,6;100
15/01/2009 13:00;0,288;2;43;982,1;100
15/01/2009 14:00;0,313;2,1;62;981,7;100
15/01/2009 15:00;0,355;2,6;65;981;100
15/01/2009 16:00;0,391;2,9;40;980,4;100
15/01/2009 17:00;0,407;2,8;48;979,9;93
15/01/2009 18:00;0,425;2,6;28;979,6;92
15/01/2009 19:00;0,407;2,9;6;979,2;92
15/01/2009 20:00;0,425;2,8;1;978,9;91
15/01/2009 21:00;0,425;2,7;0;978,6;91
15/01/2009 22:00;0,425;2,8;0;978,5;91
15/01/2009 23:00;0,407;2,5;0;978,7;90
16/01/2009 0:00;0,375;2,3;0;978,8;91
16/01/2009 1:00;0,326;2,4;0;978,7;89
16/01/2009 2:00;0,3;2,4;0;978,6;90
16/01/2009 3:00;0,276;2,2;2;978,5;90
16/01/2009 4:00;0,254;2;9;978,4;90
16/01/2009 5:00;0,241;2;26;978,2;91
16/01/2009 6:00;0,231;2;51;978,2;91
16/01/2009 7:00;0,221;1,9;52;978,2;91
16/01/2009 8:00;0,212;2;40;978,5;91
16/01/2009 9:00;0,195;2;40;978,9;90
16/01/2009 10:00;0,187;2,2;50;978,7;88
16/01/2009 11:00;0,18;1,6;56;978,7;90
16/01/2009 12:00;0,187;1,3;78;978,6;91
16/01/2009 13:00;0,195;1,3;49;979,1;91
16/01/2009 14:00;0,195;1,2;119;978,8;91
16/01/2009 15:00;0,212;1,2;51;978,5;90
16/01/2009 16:00;0,221;1;57;978,5;90
16/01/2009 17:00;0,241;0,6;38;978,6;91
16/01/2009 18:00;0,276;0,3;38;978,6;91
16/01/2009 19:00;0,276;0,6;22;978,9;90
16/01/2009 20:00;0,276;0,4;7;979;88
16/01/2009 21:00;0,265;0,7;0;979,2;83
16/01/2009 22:00;0,221;0,2;0;978,8;87
16/01/2009 23:00;0,204;0,5;0;978,8;82
17/01/2009 0:00;0,187;0,7;0;979,1;79
17/01/2009 1:00;0,172;0,6;0;979,1;77
17/01/2009 2:00;0,15;0,6;0;979,8;78
17/01/2009 3:00;0,144;-0,2;2;980,1;83
17/01/2009 4:00;0,132;0,1;21;980,5;78
17/01/2009 5:00;0,122;-0,1;30;980,6;77
17/01/2009 6:00;0,112;-0,2;46;981,4;77
17/01/2009 7:00;0,106;-0,4;58;981,7;77
17/01/2009 8:00;0,098;-0,5;124;982,3;76
17/01/2009 9:00;0,094;-0,4;225;982,6;76
17/01/2009 10:00;0,094;-0,2;269;983,2;75
17/01/2009 11:00;0,106;-0,1;171;983,4;75
17/01/2009 12:00;0,112;0,3;242;983,7;74
17/01/2009 13:00;0,122;0,7;280;983,9;72
17/01/2009 14:00;0,122;1,4;227;983,8;70
17/01/2009 15:00;0,132;1,7;228;983,9;70
17/01/2009 16:00;0,138;2,4;183;984;70
17/01/2009 17:00;0,156;2,9;127;984,1;73
17/01/2009 18:00;0,187;2,9;77;984,2;73
17/01/2009 19:00;0,231;6,1;29;984,7;63
17/01/2009 20:00;0,3;4,7;10;985;63
17/01/2009 21:00;0,34;4,1;1;985,4;67
17/01/2009 22:00;0,355;3,3;0;985,5;72
17/01/2009 23:00;0,326;1,9;0;985,1;75
18/01/2009 0:00;0,3;2;0;985,5;78
18/01/2009 1:00;0,254;1,5;0;985,4;84
18/01/2009 2:00;0,221;1;0;985,2;81
18/01/2009 3:00;0,187;0,9;5;985,4;78
18/01/2009 4:00;0,172;0,2;10;985;88
18/01/2009 5:00;0,156;0,5;24;984,7;89
18/01/2009 6:00;0,144;0,7;63;984,6;82
18/01/2009 7:00;0,132;0,6;96;984,4;84
18/01/2009 8:00;0,127;0,8;63;983,8;79
18/01/2009 9:00;0,117;1,1;67;983,7;77
18/01/2009 10:00;0,112;1,6;141;983,7;78
18/01/2009 11:00;0,112;1,9;181;983,3;78
18/01/2009 12:00;0,102;1,8;142;982,8;81
18/01/2009 13:00;0,106;1,6;95;982,4;83
18/01/2009 14:00;0,112;1,5;127;981,6;86
18/01/2009 15:00;0,122;2,4;93;980,9;86
18/01/2009 16:00;0,132;2,1;76;980,3;86
18/01/2009 17:00;0,163;2,9;67;980,4;86
18/01/2009 18:00;0,204;2,9;37;980,6;83
18/01/2009 19:00;0,231;3,7;15;980,6;81
18/01/2009 20:00;0,254;3,2;4;980,8;82
18/01/2009 21:00;0,276;3,1;0;980,6;82
18/01/2009 22:00;0,276;2,6;0;980,7;83
18/01/2009 23:00;0,265;2,2;0;980,4;84
19/01/2009 0:00;0,254;1,9;0;980,3;85
19/01/2009 1:00;0,231;1,7;0;980,2;86
19/01/2009 2:00;0,204;1,4;0;980,2;87
19/01/2009 3:00;0,18;1,3;2;980,4;88
19/01/2009 4:00;0,172;1,2;10;980,3;88
19/01/2009 5:00;0,15;1,3;22;980,5;88
19/01/2009 6:00;0,144;1,4;49;981;88
19/01/2009 7:00;0,132;1,4;76;981,1;87
19/01/2009 8:00;0,132;1,3;95;981,5;86
19/01/2009 9:00;0,122;1,5;133;982,1;85
19/01/2009 10:00;0,117;1,6;95;982,5;86
19/01/2009 11:00;0,112;2;91;982,7;84
19/01/2009 12:00;0,106;2,4;172;982,9;76
19/01/2009 13:00;0,117;2,6;173;983,1;74
19/01/2009 14:00;0,127;3,2;210;983,6;66
19/01/2009 15:00;0,138;2,5;124;983,8;73
19/01/2009 16:00;0,156;2,7;111;983,7;73
19/01/2009 17:00;0,172;3,1;63;983,9;78
19/01/2009 18:00;0,195;3,5;50;984,2;73
19/01/2009 19:00;0,254;2,8;29;984,3;72
19/01/2009 20:00;0,276;2,7;10;984,3;72
19/01/2009 21:00;0,3;2,8;0;984,2;71
19/01/2009 22:00;0,3;2,6;0;983,9;73
19/01/2009 23:00;0,276;2,4;0;983,7;75
20/01/2009 0:00;0,241;1,7;0;983,4;77
20/01/2009 1:00;0,212;1,3;0;982,7;79
20/01/2009 2:00;0,18;0,9;0;982,3;78
20/01/2009 3:00;0,156;1,1;0;981,4;68
20/01/2009 4:00;0,138;1,2;2;980,4;69
20/01/2009 5:00;0,127;1;9;978,9;73
20/01/2009 6:00;0,117;0,9;13;978;73
20/01/2009 7:00;0,112;1,2;19;977,1;76
20/01/2009 8:00;0,106;0;30;975,9;87
20/01/2009 9:00;0,098;0,4;47;974,6;88
20/01/2009 10:00;0,098;0,9;56;973,3;86
20/01/2009 11:00;0,094;1,1;48;972;86
20/01/2009 12:00;0,098;1,5;71;970,8;83
20/01/2009 13:00;0,102;1,3;81;969,8;84
20/01/2009 14:00;0,106;1,4;146;968,8;83
20/01/2009 15:00;0,117;1,6;90;968,2;82
20/01/2009 16:00;0,122;1,6;33;968;84
20/01/2009 17:00;0,122;1,5;31;967,8;85
20/01/2009 18:00;0,127;1,7;18;967,7;84
20/01/2009 19:00;0,132;1,6;6;967,5;85
20/01/2009 20:00;0,144;1,1;1;967,6;87
20/01/2009 21:00;0,163;0,7;0;967,9;89
20/01/2009 22:00;0,163;0,3;0;968,2;91
20/01/2009 23:00;0,156;-0,1;0;968,8;92
21/01/2009 0:00;0,156;-0,2;0;969,7;92
21/01/2009 1:00;0,138;-0,5;0;970,5;92
21/01/2009 2:00;0,122;-0,5;0;971,6;91
21/01/2009 3:00;0,106;-0,3;5;972,5;90
21/01/2009 4:00;0,094;-0,1;18;974;88
21/01/2009 5:00;0,079;0;43;974,9;84
21/01/2009 6:00;0,076;0,2;39;976,1;83
21/01/2009 7:00;0,072;0,5;62;978,3;80
21/01/2009 8:00;0,069;0,5;42;980,2;77
21/01/2009 9:00;0,066;0,7;75;981,9;77
21/01/2009 10:00;0,066;0,8;94;983,3;81
21/01/2009 11:00;0,072;0,9;71;984,5;84
21/01/2009 12:00;0,079;1,3;181;985,4;77
21/01/2009 13:00;0,09;-0,2;171;986,3;90
21/01/2009 14:00;0,094;0,7;121;987,1;91
21/01/2009 15:00;0,094;1,7;96;987,8;89
21/01/2009 16:00;0,094;2,4;67;988,4;87
21/01/2009 17:00;0,098;4,3;57;989,5;85
21/01/2009 18:00;0,112;4,6;23;990,2;81
21/01/2009 19:00;0,122;4,2;9;990,9;80
21/01/2009 20:00;0,138;3,9;2;991;79
21/01/2009 21:00;0,144;3,2;0;990,8;80
21/01/2009 22:00;0,156;2,8;0;990,7;81
21/01/2009 23:00;0,163;2;0;989,8;87
22/01/2009 0:00;0,163;1,6;0;989,1;90
22/01/2009 1:00;0,156;2,1;0;989;88
22/01/2009 2:00;0,156;1,7;0;988,3;89
22/01/2009 3:00;0,15;1,9;2;987,3;89
22/01/2009 4:00;0,144;1,8;8;986,6;88
22/01/2009 5:00;0,144;0,4;17;985,5;90
22/01/2009 6:00;0,138;1;29;985;90
22/01/2009 7:00;0,132;1,8;24;985,1;90
22/01/2009 8:00;0,138;2,1;45;985,5;90
22/01/2009 9:00;0,144;2,2;33;985,1;92
22/01/2009 10:00;0,15;2,6;47;984,6;92
22/01/2009 11:00;0,15;2,7;62;984,4;91
22/01/2009 12:00;0,15;2,7;29;983,4;91
22/01/2009 13:00;0,156;2,7;47;982,8;90
22/01/2009 14:00;0,172;2,4;38;981,9;91
22/01/2009 15:00;0,195;1,3;33;980,6;91
22/01/2009 16:00;0,221;2,5;19;979,2;87
22/01/2009 17:00;0,221;2,7;15;976,8;85
22/01/2009 18:00;0,241;2,7;5;975,2;84
22/01/2009 19:00;0,204;2,3;4;972,7;84
22/01/2009 20:00;0,254;1,8;2;970,9;86
22/01/2009 21:00;0,288;1,1;0;968,5;87
22/01/2009 22:00;0,326;0,4;0;967;91
22/01/2009 23:00;0,3;0,1;0;965,7;93
23/01/2009 0:00;0,241;-0,2;0;965,1;93
23/01/2009 1:00;0,187;-0,2;0;965,4;93
23/01/2009 2:00;0,163;-0,2;0;966,6;94
23/01/2009 3:00;0,132;-0,2;2;969,2;94
23/01/2009 4:00;0,106;-0,2;14;972,2;94
23/01/2009 5:00;0,094;-0,1;29;974,6;94
23/01/2009 6:00;0,083;-0,1;48;975,9;93
23/01/2009 7:00;0,086;0,6;81;977,4;92
23/01/2009 8:00;0,094;0,6;105;978,9;92
23/01/2009 9:00;0,106;0,7;80;980;90
23/01/2009 10:00;0,122;0,7;153;981;91
23/01/2009 11:00;0,132;0,8;162;981,6;91
23/01/2009 12:00;0,144;1;153;982,2;96
23/01/2009 13:00;0,156;1,1;114;982,8;94
23/01/2009 14:00;0,18;1,4;109;983,4;93
23/01/2009 15:00;0,204;1,8;103;983,8;93
23/01/2009 16:00;0,221;2,1;69;984,4;93
23/01/2009 17:00;0,254;2,1;42;985;92
23/01/2009 18:00;0,276;2,4;19;985,8;90
23/01/2009 19:00;0,276;2,5;8;986,5;89
23/01/2009 20:00;0,276;2,4;1;987,5;91
23/01/2009 21:00;0,288;1,3;0;988,3;96
23/01/2009 22:00;0,276;1;0;988,8;97
23/01/2009 23:00;0,265;1;0;989,2;98
24/01/2009 0:00;0,254;1,1;0;989,3;99
24/01/2009 1:00;0,231;1,4;0;989,6;97
24/01/2009 2:00;0,212;1,3;0;990,2;96
24/01/2009 3:00;0,204;1,2;1;990,7;93
24/01/2009 4:00;0,187;1;12;991,3;92
24/01/2009 5:00;0,163;1;36;991,6;95
24/01/2009 6:00;0,15;1,2;58;991,5;96
24/01/2009 7:00;0,138;1,2;91;991,6;96
24/01/2009 8:00;0,138;1,4;141;991,5;95
24/01/2009 9:00;0,138;1,7;176;991,5;96
24/01/2009 10:00;0,144;1,9;162;991,5;96
24/01/2009 11:00;0,144;2;124;991,5;96
24/01/2009 12:00;0,144;2,3;124;991,2;95
24/01/2009 13:00;0,144;3;172;990,9;94
24/01/2009 14:00;0,144;3,5;114;990,4;92
24/01/2009 15:00;0,163;3,3;91;989,9;92
24/01/2009 16:00;0,18;3,4;48;989,6;91
24/01/2009 17:00;0,204;3,6;33;989,5;91
24/01/2009 18:00;0,231;4;13;988,9;88
24/01/2009 19:00;0,265;3,8;8;988,5;89
24/01/2009 20:00;0,288;3,5;0;988;92
24/01/2009 21:00;0,313;3,4;0;987,3;93
24/01/2009 22:00;0,34;2,9;0;986,8;94
24/01/2009 23:00;0,355;2,6;0;986,1;94
25/01/2009 0:00;0,375;2,8;0;985,1;96
25/01/2009 1:00;0,355;2,8;0;984,7;97
25/01/2009 2:00;0,355;2,8;0;984,8;99
25/01/2009 3:00;0,355;2,7;0;984,9;98
25/01/2009 4:00;0,326;2,6;2;984,6;100
25/01/2009 5:00;0,313;2,3;9;984,5;100
25/01/2009 6:00;0,3;2,1;18;984,8;100
25/01/2009 7:00;0,276;2,1;35;985;100
25/01/2009 8:00;0,254;2;44;984,9;100
25/01/2009 9:00;0,241;2,1;86;985,1;100
25/01/2009 10:00;0,231;2,1;43;985,2;100
25/01/2009 11:00;0,212;2,3;42;985,2;100
25/01/2009 12:00;0,204;2,3;45;984,9;95
25/01/2009 13:00;0,212;2,5;70;984,9;95
25/01/2009 14:00;0,221;2,6;114;984,7;100
25/01/2009 15:00;0,231;2,3;114;985;100
25/01/2009 16:00;0,241;2,6;86;985;99
25/01/2009 17:00;0,241;2,6;47;985,1;99
25/01/2009 18:00;0,254;2,8;23;985;98
25/01/2009 19:00;0,265;3,3;12;984,9;100
25/01/2009 20:00;0,288;2,4;1;984,9;100
25/01/2009 21:00;0,313;2,4;0;984,7;100
25/01/2009 22:00;0,326;3;0;984,4;100
25/01/2009 23:00;0,3;2,8;0;984,1;100
26/01/2009 0:00;0,288;2,4;0;983,7;100
26/01/2009 1:00;0,254;2,5;0;983,4;99
26/01/2009 2:00;0,241;2,1;0;982,8;98
26/01/2009 3:00;0,212;2,3;0;982,4;98
26/01/2009 4:00;0,195;2,2;1;982,3;98
26/01/2009 5:00;0,18;2,1;13;982;99
26/01/2009 6:00;0,172;2,4;25;981,6;96
26/01/2009 7:00;0,163;2,3;52;981,8;99
26/01/2009 8:00;0,172;2,3;109;982,3;97
26/01/2009 9:00;0,18;2,6;91;982,6;96
26/01/2009 10:00;0,18;2,5;54;982,8;96
26/01/2009 11:00;0,187;2,7;57;982,9;97
26/01/2009 12:00;0,195;3,3;49;983;96
26/01/2009 13:00;0,212;3,2;86;983,4;99
26/01/2009 14:00;0,231;2,7;86;983,7;100
26/01/2009 15:00;0,254;2,7;48;983,8;100
26/01/2009 16:00;0,265;2,8;40;984;100
26/01/2009 17:00;0,276;2,9;43;984,1;100
26/01/2009 18:00;0,276;3,3;39;984,4;100
26/01/2009 19:00;0,288;3,3;12;984,8;100
26/01/2009 20:00;0,313;3,1;4;985,4;99
26/01/2009 21:00;0,313;3;0;986;97
26/01/2009 22:00;0,313;3;0;986,4;96
26/01/2009 23:00;0,3;2,8;0;987,1;96
27/01/2009 0:00;0,3;2,7;0;987,5;95
27/01/2009 1:00;0,276;2,5;0;988;95
27/01/2009 2:00;0,265;2;0;988,4;96
27/01/2009 3:00;0,231;1,9;0;988,8;96
27/01/2009 4:00;0,212;1,9;5;989,1;97
27/01/2009 5:00;0,18;2,2;15;989,4;98
27/01/2009 6:00;0,172;2,2;19;989,4;96
27/01/2009 7:00;0,163;2,2;29;989,3;99
27/01/2009 8:00;0,163;2,3;63;989,5;99
27/01/2009 9:00;0,163;1,9;56;989,6;100
27/01/2009 10:00;0,163;1,9;62;989,9;100
27/01/2009 11:00;0,163;1,9;81;989,7;100
27/01/2009 12:00;0,172;2,3;65;989,5;100
27/01/2009 13:00;0,18;2,6;42;989,1;100
27/01/2009 14:00;0,18;2,4;49;988,5;100
27/01/2009 15:00;0,204;2,8;33;987,8;100
27/01/2009 16:00;0,241;3,1;24;987;100
27/01/2009 17:00;0,3;3;24;986,3;100
27/01/2009 18:00;0,34;3,2;11;986,3;100
27/01/2009 19:00;0,391;3,3;4;986,1;100
27/01/2009 20:00;0,407;3,1;1;986;100
27/01/2009 21:00;0,407;3,2;0;985,8;100
27/01/2009 22:00;0,407;3,2;0;986;95
27/01/2009 23:00;0,375;3;0;986,5;95
28/01/2009 0:00;0,355;3;0;987;100
28/01/2009 1:00;0,326;2,8;0;987,4;100
28/01/2009 2:00;0,313;2,4;0;988,5;99
28/01/2009 3:00;0,276;2,3;0;988,7;99
28/01/2009 4:00;0,254;2,2;1;989;98
28/01/2009 5:00;0,231;2;6;989;100
28/01/2009 6:00;0,212;2,1;24;988,8;100
28/01/2009 7:00;0,195;1,9;38;988,4;100
28/01/2009 8:00;0,195;2,1;57;987,8;100
28/01/2009 9:00;0,18;2,4;90;987,4;100
28/01/2009 10:00;0,187;2,4;58;986,3;100
28/01/2009 11:00;0,204;2,8;33;985,1;100
28/01/2009 12:00;0,231;2,9;22;984,1;100
28/01/2009 13:00;0,254;3,8;19;982,3;100
28/01/2009 14:00;0,3;3,4;43;980,9;100
28/01/2009 15:00;0,355;3,5;57;979,9;100
28/01/2009 16:00;0,391;3,5;33;979;100
28/01/2009 17:00;0,443;3,1;29;978,5;99
28/01/2009 18:00;0,462;3,3;34;977,7;99
28/01/2009 19:00;0,462;3,4;11;977,3;98
28/01/2009 20:00;0,462;3,1;1;976,9;100
28/01/2009 21:00;0,443;2,8;0;977,3;100
28/01/2009 22:00;0,425;2;0;979,5;100
28/01/2009 23:00;0,391;1,4;0;982;100
29/01/2009 0:00;0,355;1,7;0;983,1;100
29/01/2009 1:00;0,313;1,4;0;983,9;100
29/01/2009 2:00;0,276;1,6;0;984,6;100
29/01/2009 3:00;0,254;1,5;0;985,4;100
29/01/2009 4:00;0,221;1,1;1;985,5;100
29/01/2009 5:00;0,204;1;6;985,6;100
29/01/2009 6:00;0,187;1,1;18;985,3;100
29/01/2009 7:00;0,18;1,8;29;985,1;100
29/01/2009 8:00;0,172;2,4;62;985,3;100
29/01/2009 9:00;0,172;2,2;70;985,7;100
29/01/2009 10:00;0,172;2,4;77;986;100
29/01/2009 11:00;0,18;2,5;96;986;100
29/01/2009 12:00;0,187;2,7;97;986;99
29/01/2009 13:00;0,195;2,9;83;986,2;98
29/01/2009 14:00;0,212;2,9;99;986,5;99
29/01/2009 15:00;0,241;3,1;101;987;100
29/01/2009 16:00;0,265;3,8;61;987,1;100
29/01/2009 17:00;0,3;3,4;48;987,5;100
29/01/2009 18:00;0,34;3,4;19;987,3;100
29/01/2009 19:00;0,375;3,5;14;986,9;100
29/01/2009 20:00;0,407;3,6;1;986,5;100
29/01/2009 21:00;0,425;3;0;986,5;100
29/01/2009 22:00;0,407;2,3;0;986,2;99
29/01/2009 23:00;0,407;2,5;0;985,9;98
30/01/2009 0:00;0,355;2,2;0;985;99
30/01/2009 1:00;0,326;2,8;0;983,9;99
30/01/2009 2:00;0,313;3,1;0;982,8;100
30/01/2009 3:00;0,326;2,7;0;982;100
30/01/2009 4:00;0,391;2,8;1;980,9;100
30/01/2009 5:00;0,443;2,9;17;979,7;100
30/01/2009 6:00;0,502;3,5;78;978,4;100
30/01/2009 7:00;0,576;3,4;105;977,9;100
30/01/2009 8:00;0,601;2,7;95;978;99
30/01/2009 9:00;0,545;2,1;173;978,6;99
30/01/2009 10:00;0,443;2,2;108;979,1;99
30/01/2009 11:00;0,391;2,9;154;979;98
30/01/2009 12:00;0,313;3,6;102;978,7;93
30/01/2009 13:00;0,313;3,3;204;978,3;91
30/01/2009 14:00;0,326;3,5;167;978,4;90
30/01/2009 15:00;0,355;3,3;156;978,3;92
30/01/2009 16:00;0,407;3,4;63;978,6;90
30/01/2009 17:00;0,443;3,5;19;978,9;89
30/01/2009 18:00;0,462;3,8;9;979,3;83
30/01/2009 19:00;0,523;3,4;2;979,4;85
30/01/2009 20:00;0,545;3,7;0;979,5;81
30/01/2009 21:00;0,545;2,2;0;979,1;94
30/01/2009 22:00;0,481;1,6;0;978,4;96
30/01/2009 23:00;0,443;1,4;0;977,3;98
31/01/2009 0:00;0,355;0,6;0;976,6;99
31/01/2009 1:00;0,288;0,8;0;976,7;99
31/01/2009 2:00;0,254;0,6;0;977,1;100
31/01/2009 3:00;0,221;0,5;0;978,2;100
31/01/2009 4:00;0,195;0,8;0;978,9;98
31/01/2009 5:00;0,18;1,1;10;979,4;97
31/01/2009 6:00;0,172;0,8;31;979,5;98
31/01/2009 7:00;0,163;0,6;29;979,8;99
31/01/2009 8:00;0,156;1;57;980,5;98
31/01/2009 9:00;0,156;1,3;67;981,1;96
31/01/2009 10:00;0,156;1;90;981,7;97
31/01/2009 11:00;0,15;1,8;105;982,1;95
31/01/2009 12:00;0,156;1,6;68;982,6;91
31/01/2009 13:00;0,156;1,8;147;982,9;94
31/01/2009 14:00;0,163;2,3;167;983,3;91
31/01/2009 15:00;0,18;2,9;101;984;92
31/01/2009 16:00;0,195;2,7;124;984,2;88
31/01/2009 17:00;0,231;2,7;103;984,7;89
31/01/2009 18:00;0,276;3,2;43;985;89
31/01/2009 19:00;0,313;3,2;22;986,1;79
31/01/2009 20:00;0,375;3,7;4;986,8;79
31/01/2009 21:00;0,462;3,3;0;987,3;79
31/01/2009 22:00;0,462;2,7;0;988;85
31/01/2009 23:00;0,481;2,3;0;988,9;89
